<?xml version="1.0" encoding="UTF-8"?>
<project-private xmlns="http://www.netbeans.org/ns/project-private/1">
    <editor-bookmarks xmlns="http://www.netbeans.org/ns/editor-bookmarks/2" lastBookmarkId="0"/>
    <open-files xmlns="http://www.netbeans.org/ns/projectui-open-files/2">
        <group>
            <file>file:/C:/Users/Andy%20Madrigal/OneDrive/Escritorio/U/2022/Introduccion%20a%20la%20programacion/Ejemplos%20Programas/Proyecto/src/proyecto/Menu.java</file>
            <file>file:/C:/Users/Andy%20Madrigal/OneDrive/Escritorio/U/2022/Introduccion%20a%20la%20programacion/Ejemplos%20Programas/Proyecto/src/proyecto/Main.java</file>
            <file>file:/C:/Users/Andy%20Madrigal/OneDrive/Escritorio/U/2022/Introduccion%20a%20la%20programacion/Ejemplos%20Programas/Proyecto/src/proyecto/Arreglos.java</file>
            <file>file:/C:/Users/Andy%20Madrigal/OneDrive/Escritorio/U/2022/Introduccion%20a%20la%20programacion/Ejemplos%20Programas/Proyecto/src/proyecto/Sucursal.java</file>
        </group>
    </open-files>
</project-private>
